year,date,holiday
2026,2026-01-01,New Year's Day
2026,2026-01-11,Anniversary of the Independence Manifesto
2026,2026-01-14,Amazigh New Year
2026,2026-03-20,Eid al-Fitr (Tentative Date)
2026,2026-03-21,Eid al-Fitr Holiday (Tentative Date)
2026,2026-05-01,Labour Day/May Day
2026,2026-05-27,Eid al-Adha (Tentative Date)
2026,2026-05-28,Eid al-Adha Holiday (Tentative Date)
2026,2026-06-17,Hijra New Year (Tentative Date)
2026,2026-07-30,Feast of the Throne
2026,2026-08-14,Anniversary of the Recovery Oued Ed-Dahab
2026,2026-08-20,Anniversary of the Revolution of the King and the People
2026,2026-08-21,Youth Day
2026,2026-08-25,The Prophet Muhammad's Birthday (Tentative Date)
2026,2026-10-31,Unity Day
2026,2026-11-06,Anniversary of the Green March
2026,2026-11-18,Independence Day
2027,2027-01-01,New Year's Day
2027,2027-01-11,Anniversary of the Independence Manifesto
2027,2027-01-14,Amazigh New Year
2027,2027-03-10,Eid al-Fitr (Tentative Date)
2027,2027-03-11,Eid al-Fitr Holiday (Tentative Date)
2027,2027-05-01,Labour Day/May Day
2027,2027-05-17,Eid al-Adha (Tentative Date)
2027,2027-05-18,Eid al-Adha Holiday (Tentative Date)
2027,2027-06-06,Hijra New Year (Tentative Date)
2027,2027-07-30,Feast of the Throne
2027,2027-08-14,Anniversary of the Recovery Oued Ed-Dahab
2027,2027-08-15,The Prophet Muhammad's Birthday (Tentative Date)
2027,2027-08-16,The Prophet Muhammad's Birthday Holiday (Tentative Date)
2027,2027-08-20,Anniversary of the Revolution of the King and the People
2027,2027-08-21,Youth Day
2027,2027-10-31,Unity Day
2027,2027-11-06,Anniversary of the Green March
2027,2027-11-18,Independence Day
2028,2028-01-01,New Year's Day
2028,2028-01-11,Anniversary of the Independence Manifesto
2028,2028-01-14,Amazigh New Year
2028,2028-02-27,Eid al-Fitr (Tentative Date)
2028,2028-02-28,Eid al-Fitr Holiday (Tentative Date)
2028,2028-05-01,Labour Day/May Day
2028,2028-05-05,Eid al-Adha (Tentative Date)
2028,2028-05-06,Eid al-Adha Holiday (Tentative Date)
2028,2028-05-25,Hijra New Year (Tentative Date)
2028,2028-07-30,Feast of the Throne
2028,2028-08-03,The Prophet Muhammad's Birthday (Tentative Date)
2028,2028-08-04,The Prophet Muhammad's Birthday Holiday (Tentative Date)
2028,2028-08-14,Anniversary of the Recovery Oued Ed-Dahab
2028,2028-08-20,Anniversary of the Revolution of the King and the People
2028,2028-08-21,Youth Day
2028,2028-10-31,Unity Day
2028,2028-11-06,Anniversary of the Green March
2028,2028-11-18,Independence Day
2029,2029-01-01,New Year's Day
2029,2029-01-11,Anniversary of the Independence Manifesto
2029,2029-01-14,Amazigh New Year
2029,2029-02-15,Eid al-Fitr (Tentative Date)
2029,2029-02-16,Eid al-Fitr Holiday (Tentative Date)
2029,2029-04-24,Eid al-Adha (Tentative Date)
2029,2029-04-25,Eid al-Adha Holiday (Tentative Date)
2029,2029-05-01,Labour Day/May Day
2029,2029-05-15,Hijra New Year (Tentative Date)
2029,2029-07-24,The Prophet Muhammad's Birthday (Tentative Date)
2029,2029-07-25,The Prophet Muhammad's Birthday Holiday (Tentative Date)
2029,2029-07-30,Feast of the Throne
2029,2029-08-14,Anniversary of the Recovery Oued Ed-Dahab
2029,2029-08-20,Anniversary of the Revolution of the King and the People
2029,2029-08-21,Youth Day
2029,2029-10-31,Unity Day
2029,2029-11-06,Anniversary of the Green March
2029,2029-11-18,Independence Day
2030,2030-01-01,New Year's Day
2030,2030-01-11,Anniversary of the Independence Manifesto
2030,2030-01-14,Amazigh New Year
2030,2030-02-05,Eid al-Fitr (Tentative Date)
2030,2030-02-06,Eid al-Fitr Holiday (Tentative Date)
2030,2030-04-13,Eid al-Adha (Tentative Date)
2030,2030-04-14,Eid al-Adha Holiday (Tentative Date)
2030,2030-05-01,Labour Day/May Day
2030,2030-05-04,Hijra New Year (Tentative Date)
2030,2030-07-13,The Prophet Muhammad's Birthday (Tentative Date)
2030,2030-07-14,The Prophet Muhammad's Birthday Holiday (Tentative Date)
2030,2030-07-30,Feast of the Throne
2030,2030-08-14,Anniversary of the Recovery Oued Ed-Dahab
2030,2030-08-20,Anniversary of the Revolution of the King and the People
2030,2030-08-21,Youth Day
2030,2030-10-31,Unity Day
2030,2030-11-06,Anniversary of the Green March
2030,2030-11-18,Independence Day
2031,2031-01-01,New Year's Day
2031,2031-01-11,Anniversary of the Independence Manifesto
2031,2031-01-14,Amazigh New Year
2031,2031-01-25,Eid al-Fitr (Tentative Date)
2031,2031-01-26,Eid al-Fitr Holiday (Tentative Date)
2031,2031-04-03,Eid al-Adha (Tentative Date)
2031,2031-04-04,Eid al-Adha Holiday (Tentative Date)
2031,2031-04-23,Hijra New Year (Tentative Date)
2031,2031-05-01,Labour Day/May Day
2031,2031-07-02,The Prophet Muhammad's Birthday (Tentative Date)
2031,2031-07-03,The Prophet Muhammad's Birthday Holiday (Tentative Date)
2031,2031-07-30,Feast of the Throne
2031,2031-08-14,Anniversary of the Recovery Oued Ed-Dahab
2031,2031-08-20,Anniversary of the Revolution of the King and the People
2031,2031-08-21,Youth Day
2031,2031-10-31,Unity Day
2031,2031-11-06,Anniversary of the Green March
2031,2031-11-18,Independence Day
2032,2032-01-01,New Year's Day
2032,2032-01-11,Anniversary of the Independence Manifesto
2032,2032-01-14,Amazigh New Year
2032,2032-01-14,Eid al-Fitr (Tentative Date)
2032,2032-01-15,Eid al-Fitr Holiday (Tentative Date)
2032,2032-03-22,Eid al-Adha (Tentative Date)
2032,2032-03-23,Eid al-Adha Holiday (Tentative Date)
2032,2032-04-12,Hijra New Year (Tentative Date)
2032,2032-05-01,Labour Day/May Day
2032,2032-06-21,The Prophet Muhammad's Birthday (Tentative Date)
2032,2032-06-22,The Prophet Muhammad's Birthday Holiday (Tentative Date)
2032,2032-07-30,Feast of the Throne
2032,2032-08-14,Anniversary of the Recovery Oued Ed-Dahab
2032,2032-08-20,Anniversary of the Revolution of the King and the People
2032,2032-08-21,Youth Day
2032,2032-10-31,Unity Day
2032,2032-11-06,Anniversary of the Green March
2032,2032-11-18,Independence Day
2033,2033-01-01,New Year's Day
2033,2033-01-03,Eid al-Fitr (Tentative Date)
2033,2033-01-04,Eid al-Fitr Holiday (Tentative Date)
2033,2033-01-11,Anniversary of the Independence Manifesto
2033,2033-01-14,Amazigh New Year
2033,2033-03-12,Eid al-Adha (Tentative Date)
2033,2033-03-13,Eid al-Adha Holiday (Tentative Date)
2033,2033-04-01,Hijra New Year (Tentative Date)
2033,2033-05-01,Labour Day/May Day
2033,2033-06-10,The Prophet Muhammad's Birthday (Tentative Date)
2033,2033-06-11,The Prophet Muhammad's Birthday Holiday (Tentative Date)
2033,2033-07-30,Feast of the Throne
2033,2033-08-14,Anniversary of the Recovery Oued Ed-Dahab
2033,2033-08-20,Anniversary of the Revolution of the King and the People
2033,2033-08-21,Youth Day
2033,2033-10-31,Unity Day
2033,2033-11-06,Anniversary of the Green March
2033,2033-11-18,Independence Day
2033,2033-12-23,Eid al-Fitr (Tentative Date)
2033,2033-12-24,Eid al-Fitr Holiday (Tentative Date)
2034,2034-01-01,New Year's Day
2034,2034-01-11,Anniversary of the Independence Manifesto
2034,2034-01-14,Amazigh New Year
2034,2034-03-01,Eid al-Adha (Tentative Date)
2034,2034-03-02,Eid al-Adha Holiday (Tentative Date)
2034,2034-03-21,Hijra New Year (Tentative Date)
2034,2034-05-01,Labour Day/May Day
2034,2034-05-30,The Prophet Muhammad's Birthday (Tentative Date)
2034,2034-05-31,The Prophet Muhammad's Birthday Holiday (Tentative Date)
2034,2034-07-30,Feast of the Throne
2034,2034-08-14,Anniversary of the Recovery Oued Ed-Dahab
2034,2034-08-20,Anniversary of the Revolution of the King and the People
2034,2034-08-21,Youth Day
2034,2034-10-31,Unity Day
2034,2034-11-06,Anniversary of the Green March
2034,2034-11-18,Independence Day
2034,2034-12-12,Eid al-Fitr (Tentative Date)
2034,2034-12-13,Eid al-Fitr Holiday (Tentative Date)
2035,2035-01-01,New Year's Day
2035,2035-01-11,Anniversary of the Independence Manifesto
2035,2035-01-14,Amazigh New Year
2035,2035-02-19,Eid al-Adha (Tentative Date)
2035,2035-02-20,Eid al-Adha Holiday (Tentative Date)
2035,2035-03-11,Hijra New Year (Tentative Date)
2035,2035-05-01,Labour Day/May Day
2035,2035-05-20,The Prophet Muhammad's Birthday (Tentative Date)
2035,2035-05-21,The Prophet Muhammad's Birthday Holiday (Tentative Date)
2035,2035-07-30,Feast of the Throne
2035,2035-08-14,Anniversary of the Recovery Oued Ed-Dahab
2035,2035-08-20,Anniversary of the Revolution of the King and the People
2035,2035-08-21,Youth Day
2035,2035-10-31,Unity Day
2035,2035-11-06,Anniversary of the Green March
2035,2035-11-18,Independence Day
2035,2035-12-02,Eid al-Fitr (Tentative Date)
2035,2035-12-03,Eid al-Fitr Holiday (Tentative Date)
2036,2036-01-01,New Year's Day
2036,2036-01-11,Anniversary of the Independence Manifesto
2036,2036-01-14,Amazigh New Year
2036,2036-02-08,Eid al-Adha (Tentative Date)
2036,2036-02-09,Eid al-Adha Holiday (Tentative Date)
2036,2036-02-28,Hijra New Year (Tentative Date)
2036,2036-05-01,Labour Day/May Day
2036,2036-05-08,The Prophet Muhammad's Birthday (Tentative Date)
2036,2036-05-09,The Prophet Muhammad's Birthday Holiday (Tentative Date)
2036,2036-07-30,Feast of the Throne
2036,2036-08-14,Anniversary of the Recovery Oued Ed-Dahab
2036,2036-08-20,Anniversary of the Revolution of the King and the People
2036,2036-08-21,Youth Day
2036,2036-10-31,Unity Day
2036,2036-11-06,Anniversary of the Green March
2036,2036-11-18,Independence Day
2036,2036-11-20,Eid al-Fitr (Tentative Date)
2036,2036-11-21,Eid al-Fitr Holiday (Tentative Date)
2037,2037-01-01,New Year's Day
2037,2037-01-11,Anniversary of the Independence Manifesto
2037,2037-01-14,Amazigh New Year
2037,2037-01-27,Eid al-Adha (Tentative Date)
2037,2037-01-28,Eid al-Adha Holiday (Tentative Date)
2037,2037-02-17,Hijra New Year (Tentative Date)
2037,2037-04-28,The Prophet Muhammad's Birthday (Tentative Date)
2037,2037-04-29,The Prophet Muhammad's Birthday Holiday (Tentative Date)
2037,2037-05-01,Labour Day/May Day
2037,2037-07-30,Feast of the Throne
2037,2037-08-14,Anniversary of the Recovery Oued Ed-Dahab
2037,2037-08-20,Anniversary of the Revolution of the King and the People
2037,2037-08-21,Youth Day
2037,2037-10-31,Unity Day
2037,2037-11-06,Anniversary of the Green March
2037,2037-11-10,Eid al-Fitr (Tentative Date)
2037,2037-11-11,Eid al-Fitr Holiday (Tentative Date)
2037,2037-11-18,Independence Day
2038,2038-01-01,New Year's Day
2038,2038-01-11,Anniversary of the Independence Manifesto
2038,2038-01-14,Amazigh New Year
2038,2038-01-16,Eid al-Adha (Tentative Date)
2038,2038-01-17,Eid al-Adha Holiday (Tentative Date)
2038,2038-02-06,Hijra New Year (Tentative Date)
2038,2038-04-17,The Prophet Muhammad's Birthday (Tentative Date)
2038,2038-04-18,The Prophet Muhammad's Birthday Holiday (Tentative Date)
2038,2038-05-01,Labour Day/May Day
2038,2038-07-30,Feast of the Throne
2038,2038-08-14,Anniversary of the Recovery Oued Ed-Dahab
2038,2038-08-20,Anniversary of the Revolution of the King and the People
2038,2038-08-21,Youth Day
2038,2038-10-30,Eid al-Fitr (Tentative Date)
2038,2038-10-31,Eid al-Fitr Holiday (Tentative Date)
2038,2038-10-31,Unity Day
2038,2038-11-06,Anniversary of the Green March
2038,2038-11-18,Independence Day
2039,2039-01-01,New Year's Day
2039,2039-01-06,Eid al-Adha (Tentative Date)
2039,2039-01-07,Eid al-Adha Holiday (Tentative Date)
2039,2039-01-11,Anniversary of the Independence Manifesto
2039,2039-01-14,Amazigh New Year
2039,2039-01-26,Hijra New Year (Tentative Date)
2039,2039-04-06,The Prophet Muhammad's Birthday (Tentative Date)
2039,2039-04-07,The Prophet Muhammad's Birthday Holiday (Tentative Date)
2039,2039-05-01,Labour Day/May Day
2039,2039-07-30,Feast of the Throne
2039,2039-08-14,Anniversary of the Recovery Oued Ed-Dahab
2039,2039-08-20,Anniversary of the Revolution of the King and the People
2039,2039-08-21,Youth Day
2039,2039-10-19,Eid al-Fitr (Tentative Date)
2039,2039-10-20,Eid al-Fitr Holiday (Tentative Date)
2039,2039-10-31,Unity Day
2039,2039-11-06,Anniversary of the Green March
2039,2039-11-18,Independence Day
2039,2039-12-26,Eid al-Adha (Tentative Date)
2039,2039-12-27,Eid al-Adha Holiday (Tentative Date)
2040,2040-01-01,New Year's Day
2040,2040-01-11,Anniversary of the Independence Manifesto
2040,2040-01-14,Amazigh New Year
2040,2040-01-16,Hijra New Year (Tentative Date)
2040,2040-03-26,The Prophet Muhammad's Birthday (Tentative Date)
2040,2040-03-27,The Prophet Muhammad's Birthday Holiday (Tentative Date)
2040,2040-05-01,Labour Day/May Day
2040,2040-07-30,Feast of the Throne
2040,2040-08-14,Anniversary of the Recovery Oued Ed-Dahab
2040,2040-08-20,Anniversary of the Revolution of the King and the People
2040,2040-08-21,Youth Day
2040,2040-10-08,Eid al-Fitr (Tentative Date)
2040,2040-10-09,Eid al-Fitr Holiday (Tentative Date)
2040,2040-10-31,Unity Day
2040,2040-11-06,Anniversary of the Green March
2040,2040-11-18,Independence Day
2040,2040-12-15,Eid al-Adha (Tentative Date)
2040,2040-12-16,Eid al-Adha Holiday (Tentative Date)
2041,2041-01-01,New Year's Day
2041,2041-01-11,Anniversary of the Independence Manifesto
2041,2041-01-14,Amazigh New Year
2041,2041-03-20,Eid al-Fitr (Tentative Date)
2041,2041-03-21,Eid al-Fitr Holiday (Tentative Date)
2041,2041-05-01,Labour Day/May Day
2041,2041-05-27,Eid al-Adha (Tentative Date)
2041,2041-05-28,Eid al-Adha Holiday (Tentative Date)
2041,2041-06-17,Hijra New Year (Tentative Date)
2041,2041-07-30,Feast of the Throne
2041,2041-08-14,Anniversary of the Recovery Oued Ed-Dahab
2041,2041-08-20,Anniversary of the Revolution of the King and the People
2041,2041-08-21,Youth Day
2041,2041-08-25,The Prophet Muhammad's Birthday (Tentative Date)
2041,2041-10-31,Unity Day
2041,2041-11-06,Anniversary of the Green March
2041,2041-11-18,Independence Day
2042,2042-01-01,New Year's Day
2042,2042-01-11,Anniversary of the Independence Manifesto
2042,2042-01-14,Amazigh New Year
2042,2042-03-20,Eid al-Fitr (Tentative Date)
2042,2042-03-21,Eid al-Fitr Holiday (Tentative Date)
2042,2042-05-01,Labour Day/May Day
2042,2042-05-27,Eid al-Adha (Tentative Date)
2042,2042-05-28,Eid al-Adha Holiday (Tentative Date)
2042,2042-06-17,Hijra New Year (Tentative Date)
2042,2042-07-30,Feast of the Throne
2042,2042-08-14,Anniversary of the Recovery Oued Ed-Dahab
2042,2042-08-20,Anniversary of the Revolution of the King and the People
2042,2042-08-21,Youth Day
2042,2042-08-25,The Prophet Muhammad's Birthday (Tentative Date)
2042,2042-10-31,Unity Day
2042,2042-11-06,Anniversary of the Green March
2042,2042-11-18,Independence Day
2043,2043-01-01,New Year's Day
2043,2043-01-11,Anniversary of the Independence Manifesto
2043,2043-01-14,Amazigh New Year
2043,2043-03-20,Eid al-Fitr (Tentative Date)
2043,2043-03-21,Eid al-Fitr Holiday (Tentative Date)
2043,2043-05-01,Labour Day/May Day
2043,2043-05-27,Eid al-Adha (Tentative Date)
2043,2043-05-28,Eid al-Adha Holiday (Tentative Date)
2043,2043-06-17,Hijra New Year (Tentative Date)
2043,2043-07-30,Feast of the Throne
2043,2043-08-14,Anniversary of the Recovery Oued Ed-Dahab
2043,2043-08-20,Anniversary of the Revolution of the King and the People
2043,2043-08-21,Youth Day
2043,2043-08-25,The Prophet Muhammad's Birthday (Tentative Date)
2043,2043-10-31,Unity Day
2043,2043-11-06,Anniversary of the Green March
2043,2043-11-18,Independence Day
2044,2044-01-01,New Year's Day
2044,2044-01-11,Anniversary of the Independence Manifesto
2044,2044-01-14,Amazigh New Year
2044,2044-03-20,Eid al-Fitr (Tentative Date)
2044,2044-03-21,Eid al-Fitr Holiday (Tentative Date)
2044,2044-05-01,Labour Day/May Day
2044,2044-05-27,Eid al-Adha (Tentative Date)
2044,2044-05-28,Eid al-Adha Holiday (Tentative Date)
2044,2044-06-17,Hijra New Year (Tentative Date)
2044,2044-07-30,Feast of the Throne
2044,2044-08-14,Anniversary of the Recovery Oued Ed-Dahab
2044,2044-08-20,Anniversary of the Revolution of the King and the People
2044,2044-08-21,Youth Day
2044,2044-08-25,The Prophet Muhammad's Birthday (Tentative Date)
2044,2044-10-31,Unity Day
2044,2044-11-06,Anniversary of the Green March
2044,2044-11-18,Independence Day
2045,2045-01-01,New Year's Day
2045,2045-01-11,Anniversary of the Independence Manifesto
2045,2045-01-14,Amazigh New Year
2045,2045-03-20,Eid al-Fitr (Tentative Date)
2045,2045-03-21,Eid al-Fitr Holiday (Tentative Date)
2045,2045-05-01,Labour Day/May Day
2045,2045-05-27,Eid al-Adha (Tentative Date)
2045,2045-05-28,Eid al-Adha Holiday (Tentative Date)
2045,2045-06-17,Hijra New Year (Tentative Date)
2045,2045-07-30,Feast of the Throne
2045,2045-08-14,Anniversary of the Recovery Oued Ed-Dahab
2045,2045-08-20,Anniversary of the Revolution of the King and the People
2045,2045-08-21,Youth Day
2045,2045-08-25,The Prophet Muhammad's Birthday (Tentative Date)
2045,2045-10-31,Unity Day
2045,2045-11-06,Anniversary of the Green March
2045,2045-11-18,Independence Day
2046,2046-01-01,New Year's Day
2046,2046-01-11,Anniversary of the Independence Manifesto
2046,2046-01-14,Amazigh New Year
2046,2046-03-20,Eid al-Fitr (Tentative Date)
2046,2046-03-21,Eid al-Fitr Holiday (Tentative Date)
2046,2046-05-01,Labour Day/May Day
2046,2046-05-27,Eid al-Adha (Tentative Date)
2046,2046-05-28,Eid al-Adha Holiday (Tentative Date)
2046,2046-06-17,Hijra New Year (Tentative Date)
2046,2046-07-30,Feast of the Throne
2046,2046-08-14,Anniversary of the Recovery Oued Ed-Dahab
2046,2046-08-20,Anniversary of the Revolution of the King and the People
2046,2046-08-21,Youth Day
2046,2046-08-25,The Prophet Muhammad's Birthday (Tentative Date)
2046,2046-10-31,Unity Day
2046,2046-11-06,Anniversary of the Green March
2046,2046-11-18,Independence Day
2047,2047-01-01,New Year's Day
2047,2047-01-11,Anniversary of the Independence Manifesto
2047,2047-01-14,Amazigh New Year
2047,2047-03-20,Eid al-Fitr (Tentative Date)
2047,2047-03-21,Eid al-Fitr Holiday (Tentative Date)
2047,2047-05-01,Labour Day/May Day
2047,2047-05-27,Eid al-Adha (Tentative Date)
2047,2047-05-28,Eid al-Adha Holiday (Tentative Date)
2047,2047-06-17,Hijra New Year (Tentative Date)
2047,2047-07-30,Feast of the Throne
2047,2047-08-14,Anniversary of the Recovery Oued Ed-Dahab
2047,2047-08-20,Anniversary of the Revolution of the King and the People
2047,2047-08-21,Youth Day
2047,2047-08-25,The Prophet Muhammad's Birthday (Tentative Date)
2047,2047-10-31,Unity Day
2047,2047-11-06,Anniversary of the Green March
2047,2047-11-18,Independence Day
2048,2048-01-01,New Year's Day
2048,2048-01-11,Anniversary of the Independence Manifesto
2048,2048-01-14,Amazigh New Year
2048,2048-03-20,Eid al-Fitr (Tentative Date)
2048,2048-03-21,Eid al-Fitr Holiday (Tentative Date)
2048,2048-05-01,Labour Day/May Day
2048,2048-05-27,Eid al-Adha (Tentative Date)
2048,2048-05-28,Eid al-Adha Holiday (Tentative Date)
2048,2048-06-17,Hijra New Year (Tentative Date)
2048,2048-07-30,Feast of the Throne
2048,2048-08-14,Anniversary of the Recovery Oued Ed-Dahab
2048,2048-08-20,Anniversary of the Revolution of the King and the People
2048,2048-08-21,Youth Day
2048,2048-08-25,The Prophet Muhammad's Birthday (Tentative Date)
2048,2048-10-31,Unity Day
2048,2048-11-06,Anniversary of the Green March
2048,2048-11-18,Independence Day
2049,2049-01-01,New Year's Day
2049,2049-01-11,Anniversary of the Independence Manifesto
2049,2049-01-14,Amazigh New Year
2049,2049-03-20,Eid al-Fitr (Tentative Date)
2049,2049-03-21,Eid al-Fitr Holiday (Tentative Date)
2049,2049-05-01,Labour Day/May Day
2049,2049-05-27,Eid al-Adha (Tentative Date)
2049,2049-05-28,Eid al-Adha Holiday (Tentative Date)
2049,2049-06-17,Hijra New Year (Tentative Date)
2049,2049-07-30,Feast of the Throne
2049,2049-08-14,Anniversary of the Recovery Oued Ed-Dahab
2049,2049-08-20,Anniversary of the Revolution of the King and the People
2049,2049-08-21,Youth Day
2049,2049-08-25,The Prophet Muhammad's Birthday (Tentative Date)
2049,2049-10-31,Unity Day
2049,2049-11-06,Anniversary of the Green March
2049,2049-11-18,Independence Day
2050,2050-01-01,New Year's Day
2050,2050-01-11,Anniversary of the Independence Manifesto
2050,2050-01-14,Amazigh New Year
2050,2050-03-20,Eid al-Fitr (Tentative Date)
2050,2050-03-21,Eid al-Fitr Holiday (Tentative Date)
2050,2050-05-01,Labour Day/May Day
2050,2050-05-27,Eid al-Adha (Tentative Date)
2050,2050-05-28,Eid al-Adha Holiday (Tentative Date)
2050,2050-06-17,Hijra New Year (Tentative Date)
2050,2050-07-30,Feast of the Throne
2050,2050-08-14,Anniversary of the Recovery Oued Ed-Dahab
2050,2050-08-20,Anniversary of the Revolution of the King and the People
2050,2050-08-21,Youth Day
2050,2050-08-25,The Prophet Muhammad's Birthday (Tentative Date)
2050,2050-10-31,Unity Day
2050,2050-11-06,Anniversary of the Green March
2050,2050-11-18,Independence Day
