year,date,holiday
2026,2026-01-01,New Year's Day
2026,2026-01-19,Martin Luther King Jr. Day
2026,2026-02-16,Presidents' Day
2026,2026-05-25,Memorial Day
2026,2026-06-19,Juneteenth
2026,2026-07-03,Independence Day (substitute)
2026,2026-07-04,Independence Day
2026,2026-09-07,Labor Day
2026,2026-10-12,Columbus Day
2026,2026-11-11,Veterans Day
2026,2026-11-26,Thanksgiving Day
2026,2026-12-25,Christmas Day
2027,2027-01-01,New Year's Day
2027,2027-01-18,Martin Luther King Jr. Day
2027,2027-02-15,Presidents' Day
2027,2027-05-31,Memorial Day
2027,2027-06-18,Juneteenth (substitute)
2027,2027-06-19,Juneteenth
2027,2027-07-04,Independence Day
2027,2027-07-05,Independence Day (substitute)
2027,2027-09-06,Labor Day
2027,2027-10-11,Columbus Day
2027,2027-11-11,Veterans Day
2027,2027-11-25,Thanksgiving Day
2027,2027-12-24,Christmas Day (substitute)
2027,2027-12-25,Christmas Day
2027,2027-12-31,New Year's Day (substitute)
2028,2028-01-01,New Year's Day
2028,2028-01-17,Martin Luther King Jr. Day
2028,2028-02-21,Presidents' Day
2028,2028-05-29,Memorial Day
2028,2028-06-19,Juneteenth
2028,2028-07-04,Independence Day
2028,2028-09-04,Labor Day
2028,2028-10-09,Columbus Day
2028,2028-11-10,Veterans Day (substitute)
2028,2028-11-11,Veterans Day
2028,2028-11-23,Thanksgiving Day
2028,2028-12-25,Christmas Day
2029,2029-01-01,New Year's Day
2029,2029-01-15,Martin Luther King Jr. Day
2029,2029-01-20,Inauguration Day
2029,2029-02-19,Presidents' Day
2029,2029-05-28,Memorial Day
2029,2029-06-19,Juneteenth
2029,2029-07-04,Independence Day
2029,2029-09-03,Labor Day
2029,2029-10-08,Columbus Day
2029,2029-11-11,Veterans Day
2029,2029-11-12,Veterans Day (substitute)
2029,2029-11-22,Thanksgiving Day
2029,2029-12-25,Christmas Day
2030,2030-01-01,New Year's Day
2030,2030-01-21,Martin Luther King Jr. Day
2030,2030-02-18,Presidents' Day
2030,2030-05-27,Memorial Day
2030,2030-06-19,Juneteenth
2030,2030-07-04,Independence Day
2030,2030-09-02,Labor Day
2030,2030-10-14,Columbus Day
2030,2030-11-11,Veterans Day
2030,2030-11-28,Thanksgiving Day
2030,2030-12-25,Christmas Day
2031,2031-01-01,New Year's Day
2031,2031-01-20,Martin Luther King Jr. Day
2031,2031-02-17,Presidents' Day
2031,2031-05-26,Memorial Day
2031,2031-06-19,Juneteenth
2031,2031-07-04,Independence Day
2031,2031-09-01,Labor Day
2031,2031-10-13,Columbus Day
2031,2031-11-11,Veterans Day
2031,2031-11-27,Thanksgiving Day
2031,2031-12-25,Christmas Day
2032,2032-01-01,New Year's Day
2032,2032-01-19,Martin Luther King Jr. Day
2032,2032-02-16,Presidents' Day
2032,2032-05-31,Memorial Day
2032,2032-06-18,Juneteenth (substitute)
2032,2032-06-19,Juneteenth
2032,2032-07-04,Independence Day
2032,2032-07-05,Independence Day (substitute)
2032,2032-09-06,Labor Day
2032,2032-10-11,Columbus Day
2032,2032-11-11,Veterans Day
2032,2032-11-25,Thanksgiving Day
2032,2032-12-24,Christmas Day (substitute)
2032,2032-12-25,Christmas Day
2032,2032-12-31,New Year's Day (substitute)
2033,2033-01-01,New Year's Day
2033,2033-01-17,Martin Luther King Jr. Day
2033,2033-01-20,Inauguration Day
2033,2033-02-21,Presidents' Day
2033,2033-05-30,Memorial Day
2033,2033-06-19,Juneteenth
2033,2033-06-20,Juneteenth (substitute)
2033,2033-07-04,Independence Day
2033,2033-09-05,Labor Day
2033,2033-10-10,Columbus Day
2033,2033-11-11,Veterans Day
2033,2033-11-24,Thanksgiving Day
2033,2033-12-25,Christmas Day
2033,2033-12-26,Christmas Day (substitute)
2034,2034-01-01,New Year's Day
2034,2034-01-02,New Year's Day (substitute)
2034,2034-01-16,Martin Luther King Jr. Day
2034,2034-02-20,Presidents' Day
2034,2034-05-29,Memorial Day
2034,2034-06-19,Juneteenth
2034,2034-07-04,Independence Day
2034,2034-09-04,Labor Day
2034,2034-10-09,Columbus Day
2034,2034-11-10,Veterans Day (substitute)
2034,2034-11-11,Veterans Day
2034,2034-11-23,Thanksgiving Day
2034,2034-12-25,Christmas Day
2035,2035-01-01,New Year's Day
2035,2035-01-15,Martin Luther King Jr. Day
2035,2035-02-19,Presidents' Day
2035,2035-05-28,Memorial Day
2035,2035-06-19,Juneteenth
2035,2035-07-04,Independence Day
2035,2035-09-03,Labor Day
2035,2035-10-08,Columbus Day
2035,2035-11-11,Veterans Day
2035,2035-11-12,Veterans Day (substitute)
2035,2035-11-22,Thanksgiving Day
2035,2035-12-25,Christmas Day
2036,2036-01-01,New Year's Day
2036,2036-01-21,Martin Luther King Jr. Day
2036,2036-02-18,Presidents' Day
2036,2036-05-26,Memorial Day
2036,2036-06-19,Juneteenth
2036,2036-07-04,Independence Day
2036,2036-09-01,Labor Day
2036,2036-10-13,Columbus Day
2036,2036-11-11,Veterans Day
2036,2036-11-27,Thanksgiving Day
2036,2036-12-25,Christmas Day
2037,2037-01-01,New Year's Day
2037,2037-01-19,Martin Luther King Jr. Day
2037,2037-01-20,Inauguration Day
2037,2037-02-16,Presidents' Day
2037,2037-05-25,Memorial Day
2037,2037-06-19,Juneteenth
2037,2037-07-03,Independence Day (substitute)
2037,2037-07-04,Independence Day
2037,2037-09-07,Labor Day
2037,2037-10-12,Columbus Day
2037,2037-11-11,Veterans Day
2037,2037-11-26,Thanksgiving Day
2037,2037-12-25,Christmas Day
2038,2038-01-01,New Year's Day
2038,2038-01-18,Martin Luther King Jr. Day
2038,2038-02-15,Presidents' Day
2038,2038-05-31,Memorial Day
2038,2038-06-18,Juneteenth (substitute)
2038,2038-06-19,Juneteenth
2038,2038-07-04,Independence Day
2038,2038-07-05,Independence Day (substitute)
2038,2038-09-06,Labor Day
2038,2038-10-11,Columbus Day
2038,2038-11-11,Veterans Day
2038,2038-11-25,Thanksgiving Day
2038,2038-12-24,Christmas Day (substitute)
2038,2038-12-25,Christmas Day
2038,2038-12-31,New Year's Day (substitute)
2039,2039-01-01,New Year's Day
2039,2039-01-17,Martin Luther King Jr. Day
2039,2039-02-21,Presidents' Day
2039,2039-05-30,Memorial Day
2039,2039-06-19,Juneteenth
2039,2039-06-20,Juneteenth (substitute)
2039,2039-07-04,Independence Day
2039,2039-09-05,Labor Day
2039,2039-10-10,Columbus Day
2039,2039-11-11,Veterans Day
2039,2039-11-24,Thanksgiving Day
2039,2039-12-25,Christmas Day
2039,2039-12-26,Christmas Day (substitute)
2040,2040-01-01,New Year's Day
2040,2040-01-02,New Year's Day (substitute)
2040,2040-01-16,Martin Luther King Jr. Day
2040,2040-02-20,Presidents' Day
2040,2040-05-28,Memorial Day
2040,2040-06-19,Juneteenth
2040,2040-07-04,Independence Day
2040,2040-09-03,Labor Day
2040,2040-10-08,Columbus Day
2040,2040-11-11,Veterans Day
2040,2040-11-12,Veterans Day (substitute)
2040,2040-11-22,Thanksgiving Day
2040,2040-12-25,Christmas Day
2041,2041-01-01,New Year's Day
2041,2041-01-19,Martin Luther King Jr. Day
2041,2041-02-16,Presidents' Day
2041,2041-05-25,Memorial Day
2041,2041-06-19,Juneteenth
2041,2041-07-03,Independence Day (substitute)
2041,2041-07-04,Independence Day
2041,2041-09-07,Labor Day
2041,2041-10-12,Columbus Day
2041,2041-11-11,Veterans Day
2041,2041-11-26,Thanksgiving Day
2041,2041-12-25,Christmas Day
2042,2042-01-01,New Year's Day
2042,2042-01-19,Martin Luther King Jr. Day
2042,2042-02-16,Presidents' Day
2042,2042-05-25,Memorial Day
2042,2042-06-19,Juneteenth
2042,2042-07-03,Independence Day (substitute)
2042,2042-07-04,Independence Day
2042,2042-09-07,Labor Day
2042,2042-10-12,Columbus Day
2042,2042-11-11,Veterans Day
2042,2042-11-26,Thanksgiving Day
2042,2042-12-25,Christmas Day
2043,2043-01-01,New Year's Day
2043,2043-01-19,Martin Luther King Jr. Day
2043,2043-02-16,Presidents' Day
2043,2043-05-25,Memorial Day
2043,2043-06-19,Juneteenth
2043,2043-07-03,Independence Day (substitute)
2043,2043-07-04,Independence Day
2043,2043-09-07,Labor Day
2043,2043-10-12,Columbus Day
2043,2043-11-11,Veterans Day
2043,2043-11-26,Thanksgiving Day
2043,2043-12-25,Christmas Day
2044,2044-01-01,New Year's Day
2044,2044-01-19,Martin Luther King Jr. Day
2044,2044-02-16,Presidents' Day
2044,2044-05-25,Memorial Day
2044,2044-06-19,Juneteenth
2044,2044-07-03,Independence Day (substitute)
2044,2044-07-04,Independence Day
2044,2044-09-07,Labor Day
2044,2044-10-12,Columbus Day
2044,2044-11-11,Veterans Day
2044,2044-11-26,Thanksgiving Day
2044,2044-12-25,Christmas Day
2045,2045-01-01,New Year's Day
2045,2045-01-19,Martin Luther King Jr. Day
2045,2045-02-16,Presidents' Day
2045,2045-05-25,Memorial Day
2045,2045-06-19,Juneteenth
2045,2045-07-03,Independence Day (substitute)
2045,2045-07-04,Independence Day
2045,2045-09-07,Labor Day
2045,2045-10-12,Columbus Day
2045,2045-11-11,Veterans Day
2045,2045-11-26,Thanksgiving Day
2045,2045-12-25,Christmas Day
2046,2046-01-01,New Year's Day
2046,2046-01-19,Martin Luther King Jr. Day
2046,2046-02-16,Presidents' Day
2046,2046-05-25,Memorial Day
2046,2046-06-19,Juneteenth
2046,2046-07-03,Independence Day (substitute)
2046,2046-07-04,Independence Day
2046,2046-09-07,Labor Day
2046,2046-10-12,Columbus Day
2046,2046-11-11,Veterans Day
2046,2046-11-26,Thanksgiving Day
2046,2046-12-25,Christmas Day
2047,2047-01-01,New Year's Day
2047,2047-01-19,Martin Luther King Jr. Day
2047,2047-02-16,Presidents' Day
2047,2047-05-25,Memorial Day
2047,2047-06-19,Juneteenth
2047,2047-07-03,Independence Day (substitute)
2047,2047-07-04,Independence Day
2047,2047-09-07,Labor Day
2047,2047-10-12,Columbus Day
2047,2047-11-11,Veterans Day
2047,2047-11-26,Thanksgiving Day
2047,2047-12-25,Christmas Day
2048,2048-01-01,New Year's Day
2048,2048-01-19,Martin Luther King Jr. Day
2048,2048-02-16,Presidents' Day
2048,2048-05-25,Memorial Day
2048,2048-06-19,Juneteenth
2048,2048-07-03,Independence Day (substitute)
2048,2048-07-04,Independence Day
2048,2048-09-07,Labor Day
2048,2048-10-12,Columbus Day
2048,2048-11-11,Veterans Day
2048,2048-11-26,Thanksgiving Day
2048,2048-12-25,Christmas Day
2049,2049-01-01,New Year's Day
2049,2049-01-19,Martin Luther King Jr. Day
2049,2049-02-16,Presidents' Day
2049,2049-05-25,Memorial Day
2049,2049-06-19,Juneteenth
2049,2049-07-03,Independence Day (substitute)
2049,2049-07-04,Independence Day
2049,2049-09-07,Labor Day
2049,2049-10-12,Columbus Day
2049,2049-11-11,Veterans Day
2049,2049-11-26,Thanksgiving Day
2049,2049-12-25,Christmas Day
2050,2050-01-01,New Year's Day
2050,2050-01-19,Martin Luther King Jr. Day
2050,2050-02-16,Presidents' Day
2050,2050-05-25,Memorial Day
2050,2050-06-19,Juneteenth
2050,2050-07-03,Independence Day (substitute)
2050,2050-07-04,Independence Day
2050,2050-09-07,Labor Day
2050,2050-10-12,Columbus Day
2050,2050-11-11,Veterans Day
2050,2050-11-26,Thanksgiving Day
2050,2050-12-25,Christmas Day
