year,date,holiday
2026,2026-01-26,Republic Day
2026,2026-03-04,Holi
2026,2026-03-21,Ramzan Id (Tentative Date)
2026,2026-03-26,Rama Navami
2026,2026-03-31,Mahavir Jayanti
2026,2026-04-03,Good Friday
2026,2026-05-01,Buddha Purnima
2026,2026-05-27,Bakrid (Tentative Date)
2026,2026-06-26,Muharram/Ashura (Tentative Date)
2026,2026-08-15,Independence Day
2026,2026-08-26,Milad un-Nabi (Tentative Date)
2026,2026-09-04,Janmashtami
2026,2026-10-02,Mahatma Gandhi Jayanti
2026,2026-10-20,Dussehra
2026,2026-11-08,Diwali/Deepavali
2026,2026-11-24,Guru Nanak Jayanti
2026,2026-12-25,Christmas
2027,2027-01-26,Republic Day
2027,2027-03-06,Maha Shivaratri
2027,2027-03-10,Ramzan Id (Tentative Date)
2027,2027-03-22,Holi
2027,2027-03-26,Good Friday
2027,2027-04-15,Rama Navami
2027,2027-05-17,Bakrid (Tentative Date)
2027,2027-06-16,Muharram/Ashura (Tentative Date)
2027,2027-08-15,Independence Day
2027,2027-08-25,Janmashtami
2027,2027-10-02,Mahatma Gandhi Jayanti
2027,2027-10-09,Dussehra
2027,2027-10-29,Diwali/Deepavali
2027,2027-12-25,Christmas
2028,2028-01-26,Republic Day
2028,2028-02-23,Maha Shivaratri
2028,2028-02-27,Ramzan Id (Tentative Date)
2028,2028-03-11,Holi
2028,2028-04-03,Rama Navami
2028,2028-04-14,Good Friday
2028,2028-05-06,Bakrid (Tentative Date)
2028,2028-06-04,Muharram/Ashura (Tentative Date)
2028,2028-08-13,Janmashtami
2028,2028-08-15,Independence Day
2028,2028-09-27,Dussehra
2028,2028-10-02,Mahatma Gandhi Jayanti
2028,2028-10-17,Diwali/Deepavali
2028,2028-12-25,Christmas
2029,2029-01-26,Republic Day
2029,2029-02-11,Maha Shivaratri
2029,2029-02-15,Ramzan Id (Tentative Date)
2029,2029-03-01,Holi
2029,2029-03-30,Good Friday
2029,2029-04-22,Rama Navami
2029,2029-04-25,Bakrid (Tentative Date)
2029,2029-05-25,Muharram/Ashura (Tentative Date)
2029,2029-08-15,Independence Day
2029,2029-09-01,Janmashtami
2029,2029-10-02,Mahatma Gandhi Jayanti
2029,2029-10-16,Dussehra
2029,2029-11-05,Diwali/Deepavali
2029,2029-12-25,Christmas
2030,2030-01-26,Republic Day
2030,2030-02-05,Ramzan Id (Tentative Date)
2030,2030-03-02,Maha Shivaratri
2030,2030-03-20,Holi
2030,2030-04-12,Rama Navami
2030,2030-04-14,Bakrid (Tentative Date)
2030,2030-04-19,Good Friday
2030,2030-05-14,Muharram/Ashura (Tentative Date)
2030,2030-08-15,Independence Day
2030,2030-08-21,Janmashtami
2030,2030-10-02,Mahatma Gandhi Jayanti
2030,2030-10-06,Dussehra
2030,2030-10-26,Diwali/Deepavali
2030,2030-12-25,Christmas
2031,2031-01-25,Ramzan Id (Tentative Date)
2031,2031-01-26,Republic Day
2031,2031-02-20,Maha Shivaratri
2031,2031-03-09,Holi
2031,2031-04-01,Rama Navami
2031,2031-04-03,Bakrid (Tentative Date)
2031,2031-04-11,Good Friday
2031,2031-05-03,Muharram/Ashura (Tentative Date)
2031,2031-08-10,Janmashtami
2031,2031-08-15,Independence Day
2031,2031-10-02,Mahatma Gandhi Jayanti
2031,2031-10-25,Dussehra
2031,2031-11-14,Diwali/Deepavali
2031,2031-12-25,Christmas
2032,2032-01-15,Ramzan Id (Tentative Date)
2032,2032-01-26,Republic Day
2032,2032-03-10,Maha Shivaratri
2032,2032-03-22,Bakrid (Tentative Date)
2032,2032-03-26,Good Friday
2032,2032-03-27,Holi
2032,2032-04-19,Rama Navami
2032,2032-04-21,Muharram/Ashura (Tentative Date)
2032,2032-08-15,Independence Day
2032,2032-08-28,Janmashtami
2032,2032-10-02,Mahatma Gandhi Jayanti
2032,2032-10-14,Dussehra
2032,2032-11-02,Diwali/Deepavali
2032,2032-12-25,Christmas
2033,2033-01-03,Ramzan Id (Tentative Date)
2033,2033-01-26,Republic Day
2033,2033-02-27,Maha Shivaratri
2033,2033-03-12,Bakrid (Tentative Date)
2033,2033-03-16,Holi
2033,2033-04-07,Rama Navami
2033,2033-04-11,Muharram/Ashura (Tentative Date)
2033,2033-04-15,Good Friday
2033,2033-08-15,Independence Day
2033,2033-08-17,Janmashtami
2033,2033-10-02,Mahatma Gandhi Jayanti
2033,2033-10-03,Dussehra
2033,2033-10-22,Diwali/Deepavali
2033,2033-12-24,Ramzan Id (Tentative Date)
2033,2033-12-25,Christmas
2034,2034-01-26,Republic Day
2034,2034-02-17,Maha Shivaratri
2034,2034-03-02,Bakrid (Tentative Date)
2034,2034-03-05,Holi
2034,2034-03-28,Rama Navami
2034,2034-03-31,Muharram/Ashura (Tentative Date)
2034,2034-04-07,Good Friday
2034,2034-08-15,Independence Day
2034,2034-09-06,Janmashtami
2034,2034-10-02,Mahatma Gandhi Jayanti
2034,2034-10-22,Dussehra
2034,2034-11-10,Diwali/Deepavali
2034,2034-12-13,Ramzan Id (Tentative Date)
2034,2034-12-25,Christmas
2035,2035-01-26,Republic Day
2035,2035-02-19,Bakrid (Tentative Date)
2035,2035-03-08,Maha Shivaratri
2035,2035-03-21,Muharram/Ashura (Tentative Date)
2035,2035-03-23,Good Friday
2035,2035-03-24,Holi
2035,2035-04-16,Rama Navami
2035,2035-08-15,Independence Day
2035,2035-08-26,Janmashtami
2035,2035-10-02,Mahatma Gandhi Jayanti
2035,2035-10-11,Dussehra
2035,2035-10-30,Diwali/Deepavali
2035,2035-12-02,Ramzan Id (Tentative Date)
2035,2035-12-25,Christmas
2036,2036-01-26,Republic Day
2036,2036-02-08,Bakrid (Tentative Date)
2036,2036-02-25,Maha Shivaratri
2036,2036-03-09,Muharram/Ashura (Tentative Date)
2036,2036-03-12,Holi
2036,2036-04-05,Rama Navami
2036,2036-04-11,Good Friday
2036,2036-08-15,Independence Day
2036,2036-08-15,Janmashtami
2036,2036-09-29,Dussehra
2036,2036-10-02,Mahatma Gandhi Jayanti
2036,2036-10-18,Diwali/Deepavali
2036,2036-11-20,Ramzan Id (Tentative Date)
2036,2036-12-25,Christmas
2037,2037-01-26,Republic Day
2037,2037-01-27,Bakrid (Tentative Date)
2037,2037-02-13,Maha Shivaratri
2037,2037-02-26,Muharram/Ashura (Tentative Date)
2037,2037-03-02,Holi
2037,2037-03-25,Rama Navami
2037,2037-04-03,Good Friday
2037,2037-08-15,Independence Day
2037,2037-09-03,Janmashtami
2037,2037-10-02,Mahatma Gandhi Jayanti
2037,2037-10-18,Dussehra
2037,2037-11-07,Diwali/Deepavali
2037,2037-11-09,Ramzan Id (Tentative Date)
2037,2037-12-25,Christmas
2038,2038-01-17,Bakrid (Tentative Date)
2038,2038-01-26,Republic Day
2038,2038-02-15,Muharram/Ashura (Tentative Date)
2038,2038-03-04,Maha Shivaratri
2038,2038-03-21,Holi
2038,2038-04-13,Rama Navami
2038,2038-04-23,Good Friday
2038,2038-08-15,Independence Day
2038,2038-08-23,Janmashtami
2038,2038-10-02,Mahatma Gandhi Jayanti
2038,2038-10-07,Dussehra
2038,2038-10-27,Diwali/Deepavali
2038,2038-10-30,Ramzan Id (Tentative Date)
2038,2038-12-25,Christmas
2039,2039-01-06,Bakrid (Tentative Date)
2039,2039-01-26,Republic Day
2039,2039-02-04,Muharram/Ashura (Tentative Date)
2039,2039-02-21,Maha Shivaratri
2039,2039-03-11,Holi
2039,2039-04-03,Rama Navami
2039,2039-04-08,Good Friday
2039,2039-08-12,Janmashtami
2039,2039-08-15,Independence Day
2039,2039-10-02,Mahatma Gandhi Jayanti
2039,2039-10-20,Ramzan Id (Tentative Date)
2039,2039-10-26,Dussehra
2039,2039-11-15,Diwali/Deepavali
2039,2039-12-25,Christmas
2039,2039-12-27,Bakrid (Tentative Date)
2040,2040-01-25,Muharram/Ashura (Tentative Date)
2040,2040-01-26,Republic Day
2040,2040-03-11,Maha Shivaratri
2040,2040-03-29,Holi
2040,2040-03-30,Good Friday
2040,2040-04-20,Rama Navami
2040,2040-08-15,Independence Day
2040,2040-08-29,Janmashtami
2040,2040-10-02,Mahatma Gandhi Jayanti
2040,2040-10-08,Ramzan Id (Tentative Date)
2040,2040-10-15,Dussehra
2040,2040-11-04,Diwali/Deepavali
2040,2040-12-15,Bakrid (Tentative Date)
2040,2040-12-25,Christmas
2041,2041-01-26,Republic Day
2041,2041-03-04,Holi
2041,2041-03-21,Ramzan Id (Tentative Date)
2041,2041-03-26,Rama Navami
2041,2041-03-31,Mahavir Jayanti
2041,2041-04-03,Good Friday
2041,2041-05-01,Buddha Purnima
2041,2041-05-27,Bakrid (Tentative Date)
2041,2041-06-26,Muharram/Ashura (Tentative Date)
2041,2041-08-15,Independence Day
2041,2041-08-26,Milad un-Nabi (Tentative Date)
2041,2041-09-04,Janmashtami
2041,2041-10-02,Mahatma Gandhi Jayanti
2041,2041-10-20,Dussehra
2041,2041-11-08,Diwali/Deepavali
2041,2041-11-24,Guru Nanak Jayanti
2041,2041-12-25,Christmas
2042,2042-01-26,Republic Day
2042,2042-03-04,Holi
2042,2042-03-21,Ramzan Id (Tentative Date)
2042,2042-03-26,Rama Navami
2042,2042-03-31,Mahavir Jayanti
2042,2042-04-03,Good Friday
2042,2042-05-01,Buddha Purnima
2042,2042-05-27,Bakrid (Tentative Date)
2042,2042-06-26,Muharram/Ashura (Tentative Date)
2042,2042-08-15,Independence Day
2042,2042-08-26,Milad un-Nabi (Tentative Date)
2042,2042-09-04,Janmashtami
2042,2042-10-02,Mahatma Gandhi Jayanti
2042,2042-10-20,Dussehra
2042,2042-11-08,Diwali/Deepavali
2042,2042-11-24,Guru Nanak Jayanti
2042,2042-12-25,Christmas
2043,2043-01-26,Republic Day
2043,2043-03-04,Holi
2043,2043-03-21,Ramzan Id (Tentative Date)
2043,2043-03-26,Rama Navami
2043,2043-03-31,Mahavir Jayanti
2043,2043-04-03,Good Friday
2043,2043-05-01,Buddha Purnima
2043,2043-05-27,Bakrid (Tentative Date)
2043,2043-06-26,Muharram/Ashura (Tentative Date)
2043,2043-08-15,Independence Day
2043,2043-08-26,Milad un-Nabi (Tentative Date)
2043,2043-09-04,Janmashtami
2043,2043-10-02,Mahatma Gandhi Jayanti
2043,2043-10-20,Dussehra
2043,2043-11-08,Diwali/Deepavali
2043,2043-11-24,Guru Nanak Jayanti
2043,2043-12-25,Christmas
2044,2044-01-26,Republic Day
2044,2044-03-04,Holi
2044,2044-03-21,Ramzan Id (Tentative Date)
2044,2044-03-26,Rama Navami
2044,2044-03-31,Mahavir Jayanti
2044,2044-04-03,Good Friday
2044,2044-05-01,Buddha Purnima
2044,2044-05-27,Bakrid (Tentative Date)
2044,2044-06-26,Muharram/Ashura (Tentative Date)
2044,2044-08-15,Independence Day
2044,2044-08-26,Milad un-Nabi (Tentative Date)
2044,2044-09-04,Janmashtami
2044,2044-10-02,Mahatma Gandhi Jayanti
2044,2044-10-20,Dussehra
2044,2044-11-08,Diwali/Deepavali
2044,2044-11-24,Guru Nanak Jayanti
2044,2044-12-25,Christmas
2045,2045-01-26,Republic Day
2045,2045-03-04,Holi
2045,2045-03-21,Ramzan Id (Tentative Date)
2045,2045-03-26,Rama Navami
2045,2045-03-31,Mahavir Jayanti
2045,2045-04-03,Good Friday
2045,2045-05-01,Buddha Purnima
2045,2045-05-27,Bakrid (Tentative Date)
2045,2045-06-26,Muharram/Ashura (Tentative Date)
2045,2045-08-15,Independence Day
2045,2045-08-26,Milad un-Nabi (Tentative Date)
2045,2045-09-04,Janmashtami
2045,2045-10-02,Mahatma Gandhi Jayanti
2045,2045-10-20,Dussehra
2045,2045-11-08,Diwali/Deepavali
2045,2045-11-24,Guru Nanak Jayanti
2045,2045-12-25,Christmas
2046,2046-01-26,Republic Day
2046,2046-03-04,Holi
2046,2046-03-21,Ramzan Id (Tentative Date)
2046,2046-03-26,Rama Navami
2046,2046-03-31,Mahavir Jayanti
2046,2046-04-03,Good Friday
2046,2046-05-01,Buddha Purnima
2046,2046-05-27,Bakrid (Tentative Date)
2046,2046-06-26,Muharram/Ashura (Tentative Date)
2046,2046-08-15,Independence Day
2046,2046-08-26,Milad un-Nabi (Tentative Date)
2046,2046-09-04,Janmashtami
2046,2046-10-02,Mahatma Gandhi Jayanti
2046,2046-10-20,Dussehra
2046,2046-11-08,Diwali/Deepavali
2046,2046-11-24,Guru Nanak Jayanti
2046,2046-12-25,Christmas
2047,2047-01-26,Republic Day
2047,2047-03-04,Holi
2047,2047-03-21,Ramzan Id (Tentative Date)
2047,2047-03-26,Rama Navami
2047,2047-03-31,Mahavir Jayanti
2047,2047-04-03,Good Friday
2047,2047-05-01,Buddha Purnima
2047,2047-05-27,Bakrid (Tentative Date)
2047,2047-06-26,Muharram/Ashura (Tentative Date)
2047,2047-08-15,Independence Day
2047,2047-08-26,Milad un-Nabi (Tentative Date)
2047,2047-09-04,Janmashtami
2047,2047-10-02,Mahatma Gandhi Jayanti
2047,2047-10-20,Dussehra
2047,2047-11-08,Diwali/Deepavali
2047,2047-11-24,Guru Nanak Jayanti
2047,2047-12-25,Christmas
2048,2048-01-26,Republic Day
2048,2048-03-04,Holi
2048,2048-03-21,Ramzan Id (Tentative Date)
2048,2048-03-26,Rama Navami
2048,2048-03-31,Mahavir Jayanti
2048,2048-04-03,Good Friday
2048,2048-05-01,Buddha Purnima
2048,2048-05-27,Bakrid (Tentative Date)
2048,2048-06-26,Muharram/Ashura (Tentative Date)
2048,2048-08-15,Independence Day
2048,2048-08-26,Milad un-Nabi (Tentative Date)
2048,2048-09-04,Janmashtami
2048,2048-10-02,Mahatma Gandhi Jayanti
2048,2048-10-20,Dussehra
2048,2048-11-08,Diwali/Deepavali
2048,2048-11-24,Guru Nanak Jayanti
2048,2048-12-25,Christmas
2049,2049-01-26,Republic Day
2049,2049-03-04,Holi
2049,2049-03-21,Ramzan Id (Tentative Date)
2049,2049-03-26,Rama Navami
2049,2049-03-31,Mahavir Jayanti
2049,2049-04-03,Good Friday
2049,2049-05-01,Buddha Purnima
2049,2049-05-27,Bakrid (Tentative Date)
2049,2049-06-26,Muharram/Ashura (Tentative Date)
2049,2049-08-15,Independence Day
2049,2049-08-26,Milad un-Nabi (Tentative Date)
2049,2049-09-04,Janmashtami
2049,2049-10-02,Mahatma Gandhi Jayanti
2049,2049-10-20,Dussehra
2049,2049-11-08,Diwali/Deepavali
2049,2049-11-24,Guru Nanak Jayanti
2049,2049-12-25,Christmas
2050,2050-01-26,Republic Day
2050,2050-03-04,Holi
2050,2050-03-21,Ramzan Id (Tentative Date)
2050,2050-03-26,Rama Navami
2050,2050-03-31,Mahavir Jayanti
2050,2050-04-03,Good Friday
2050,2050-05-01,Buddha Purnima
2050,2050-05-27,Bakrid (Tentative Date)
2050,2050-06-26,Muharram/Ashura (Tentative Date)
2050,2050-08-15,Independence Day
2050,2050-08-26,Milad un-Nabi (Tentative Date)
2050,2050-09-04,Janmashtami
2050,2050-10-02,Mahatma Gandhi Jayanti
2050,2050-10-20,Dussehra
2050,2050-11-08,Diwali/Deepavali
2050,2050-11-24,Guru Nanak Jayanti
2050,2050-12-25,Christmas
